{
    "$schema": "https://schema.management.azure.com/schemas/2015-01-01/deploymentParameters.json#",
    "contentVersion": "1.0.0.0",
    "parameters": {
        "sites_iobees_name": {
            "value": null
        },
        "serverfarms_asp_iobees_name": {
            "value": null
        },
        "sites_SaveTheBeesProxy_name": {
            "value": null
        },
        "config_web_name": {
            "value": null
        },
        "servers_savethebees_server_name": {
            "value": null
        },
        "IotHubs_SaveTheBees_Iot_Hub_name": {
            "value": null
        },
        "config_web_name_1": {
            "value": null
        },
        "storageAccounts_savethebeesstorage_name": {
            "value": null
        },
        "streamingjobs_SaveTheBees_ASA_name": {
            "value": null
        },
        "registries_SaveTheBeesRegistry_name": {
            "value": null
        },
        "advisors_DropIndex_name": {
            "value": null
        },
        "firewallRules_Varun_name": {
            "value": null
        },
        "keys_ServiceManaged_name": {
            "value": null
        },
        "advisors_CreateIndex_name": {
            "value": null
        },
        "advisors_DefragmentIndex_name": {
            "value": null
        },
        "auditingPolicies_Default_name": {
            "value": null
        },
        "advisors_ForceLastGoodPlan_name": {
            "value": null
        },
        "advisors_DbParameterization_name": {
            "value": null
        },
        "encryptionProtector_current_name": {
            "value": null
        },
        "hostNameBindings_iobees.azurewebsites.net_name": {
            "value": null
        },
        "databases_SaveTheBees_AnalysticsData_name": {
            "value": null
        },
        "firewallRules_AllowAllWindowsAzureIps_name": {
            "value": null
        },
        "auditingPolicies_Default_name_1": {
            "value": null
        },
        "databases_master_name": {
            "value": null
        },
        "geoBackupPolicies_Default_name": {
            "value": null
        },
        "outputs_SaveTheBeesSQLOutput_name": {
            "value": null
        },
        "inputs_SaveTheBeesSensorInput_name": {
            "value": null
        },
        "outputs_SaveTheBeesBlobOutput_name": {
            "value": null
        },
        "hostNameBindings_savethebeesproxy.azurewebsites.net_name": {
            "value": null
        },
        "transparentDataEncryption_current_name": {
            "value": null
        },
        "advisors_DropIndex_name_1": {
            "value": null
        },
        "advisors_CreateIndex_name_1": {
            "value": null
        },
        "advisors_DefragmentIndex_name_1": {
            "value": null
        },
        "auditingPolicies_Default_name_2": {
            "value": null
        },
        "geoBackupPolicies_Default_name_1": {
            "value": null
        },
        "advisors_ForceLastGoodPlan_name_1": {
            "value": null
        },
        "advisors_DbParameterization_name_1": {
            "value": null
        },
        "transparentDataEncryption_current_name_1": {
            "value": null
        }
    }
}