{
    "$schema": "https://schema.management.azure.com/schemas/2015-01-01/deploymentTemplate.json#",
    "contentVersion": "1.0.0.0",
    "parameters": {
        "sites_iobees_name": {
            "defaultValue": "iobees",
            "type": "String"
        },
        "serverfarms_asp_iobees_name": {
            "defaultValue": "asp-iobees",
            "type": "String"
        },
        "sites_SaveTheBeesProxy_name": {
            "defaultValue": "SaveTheBeesProxy",
            "type": "String"
        },
        "config_web_name": {
            "defaultValue": "web",
            "type": "String"
        },
        "servers_savethebees_server_name": {
            "defaultValue": "savethebees-server",
            "type": "String"
        },
        "IotHubs_SaveTheBees_Iot_Hub_name": {
            "defaultValue": "SaveTheBees-Iot-Hub",
            "type": "String"
        },
        "config_web_name_1": {
            "defaultValue": "web",
            "type": "String"
        },
        "storageAccounts_savethebeesstorage_name": {
            "defaultValue": "savethebeesstorage",
            "type": "String"
        },
        "streamingjobs_SaveTheBees_ASA_name": {
            "defaultValue": "SaveTheBees-ASA",
            "type": "String"
        },
        "registries_SaveTheBeesRegistry_name": {
            "defaultValue": "SaveTheBeesRegistry",
            "type": "String"
        },
        "advisors_DropIndex_name": {
            "defaultValue": "DropIndex",
            "type": "String"
        },
        "firewallRules_Varun_name": {
            "defaultValue": "Varun",
            "type": "String"
        },
        "keys_ServiceManaged_name": {
            "defaultValue": "ServiceManaged",
            "type": "String"
        },
        "advisors_CreateIndex_name": {
            "defaultValue": "CreateIndex",
            "type": "String"
        },
        "advisors_DefragmentIndex_name": {
            "defaultValue": "DefragmentIndex",
            "type": "String"
        },
        "auditingPolicies_Default_name": {
            "defaultValue": "Default",
            "type": "String"
        },
        "advisors_ForceLastGoodPlan_name": {
            "defaultValue": "ForceLastGoodPlan",
            "type": "String"
        },
        "advisors_DbParameterization_name": {
            "defaultValue": "DbParameterization",
            "type": "String"
        },
        "encryptionProtector_current_name": {
            "defaultValue": "current",
            "type": "String"
        },
        "hostNameBindings_iobees.azurewebsites.net_name": {
            "defaultValue": "iobees.azurewebsites.net",
            "type": "String"
        },
        "databases_SaveTheBees_AnalysticsData_name": {
            "defaultValue": "SaveTheBees-AnalysticsData",
            "type": "String"
        },
        "firewallRules_AllowAllWindowsAzureIps_name": {
            "defaultValue": "AllowAllWindowsAzureIps",
            "type": "String"
        },
        "auditingPolicies_Default_name_1": {
            "defaultValue": "Default",
            "type": "String"
        },
        "databases_master_name": {
            "defaultValue": "master",
            "type": "String"
        },
        "geoBackupPolicies_Default_name": {
            "defaultValue": "Default",
            "type": "String"
        },
        "outputs_SaveTheBeesSQLOutput_name": {
            "defaultValue": "SaveTheBeesSQLOutput",
            "type": "String"
        },
        "inputs_SaveTheBeesSensorInput_name": {
            "defaultValue": "SaveTheBeesSensorInput",
            "type": "String"
        },
        "outputs_SaveTheBeesBlobOutput_name": {
            "defaultValue": "SaveTheBeesBlobOutput",
            "type": "String"
        },
        "hostNameBindings_savethebeesproxy.azurewebsites.net_name": {
            "defaultValue": "savethebeesproxy.azurewebsites.net",
            "type": "String"
        },
        "transparentDataEncryption_current_name": {
            "defaultValue": "current",
            "type": "String"
        },
        "advisors_DropIndex_name_1": {
            "defaultValue": "DropIndex",
            "type": "String"
        },
        "advisors_CreateIndex_name_1": {
            "defaultValue": "CreateIndex",
            "type": "String"
        },
        "advisors_DefragmentIndex_name_1": {
            "defaultValue": "DefragmentIndex",
            "type": "String"
        },
        "auditingPolicies_Default_name_2": {
            "defaultValue": "Default",
            "type": "String"
        },
        "geoBackupPolicies_Default_name_1": {
            "defaultValue": "Default",
            "type": "String"
        },
        "advisors_ForceLastGoodPlan_name_1": {
            "defaultValue": "ForceLastGoodPlan",
            "type": "String"
        },
        "advisors_DbParameterization_name_1": {
            "defaultValue": "DbParameterization",
            "type": "String"
        },
        "transparentDataEncryption_current_name_1": {
            "defaultValue": "current",
            "type": "String"
        }
    },
    "variables": {},
    "resources": [
        {
            "comments": "Generalized from resource: '/subscriptions/244d5bc6-5416-41d5-bdb2-d0eb0ef3f2a1/resourceGroups/SaveTheBees/providers/Microsoft.ContainerRegistry/registries/SaveTheBeesRegistry'.",
            "type": "Microsoft.ContainerRegistry/registries",
            "sku": {
                "name": "Basic",
                "tier": "Basic"
            },
            "name": "[parameters('registries_SaveTheBeesRegistry_name')]",
            "apiVersion": "2017-10-01",
            "location": "australiasoutheast",
            "tags": {},
            "scale": null,
            "properties": {
                "adminUserEnabled": true
            },
            "dependsOn": []
        },
        {
            "comments": "Generalized from resource: '/subscriptions/244d5bc6-5416-41d5-bdb2-d0eb0ef3f2a1/resourceGroups/SaveTheBees/providers/Microsoft.Devices/IotHubs/SaveTheBees-Iot-Hub'.",
            "type": "Microsoft.Devices/IotHubs",
            "sku": {
                "name": "F1",
                "tier": "Free",
                "capacity": 1
            },
            "name": "[parameters('IotHubs_SaveTheBees_Iot_Hub_name')]",
            "apiVersion": "2018-04-01",
            "location": "australiasoutheast",
            "tags": {},
            "scale": null,
            "properties": {
                "operationsMonitoringProperties": {
                    "events": {
                        "None": "None",
                        "Connections": "None",
                        "DeviceTelemetry": "None",
                        "C2DCommands": "None",
                        "DeviceIdentityOperations": "None",
                        "FileUploadOperations": "None",
                        "Routes": "None"
                    }
                },
                "ipFilterRules": [],
                "eventHubEndpoints": {
                    "events": {
                        "retentionTimeInDays": 1,
                        "partitionCount": 2,
                        "partitionIds": [
                            "0",
                            "1"
                        ],
                        "path": "iothub-ehub-savethebee-887557-e4ff83bcb6",
                        "endpoint": "sb://ihsuprodmlres004dednamespace.servicebus.windows.net/"
                    },
                    "operationsMonitoringEvents": {
                        "retentionTimeInDays": 1,
                        "partitionCount": 2,
                        "partitionIds": [
                            "0",
                            "1"
                        ],
                        "path": "iothub-ehub-savethebee-887557-59f67d30f6",
                        "endpoint": "sb://ihsuprodmlres005dednamespace.servicebus.windows.net/"
                    }
                },
                "routing": {
                    "endpoints": {
                        "serviceBusQueues": [],
                        "serviceBusTopics": [],
                        "eventHubs": [],
                        "storageContainers": [
                            {
                                "connectionString": "DefaultEndpointsProtocol=https;AccountName=savethebeesstorage;AccountKey=****",
                                "containerName": "savethebeesblobstorage",
                                "fileNameFormat": "{iothub}/{partition}/{YYYY}/{MM}/{DD}/{HH}/{mm}",
                                "batchFrequencyInSeconds": 100,
                                "maxChunkSizeInBytes": 104857600,
                                "encoding": "avro",
                                "name": "SaveTheBeesBlobStorage",
                                "subscriptionId": "244d5bc6-5416-41d5-bdb2-d0eb0ef3f2a1",
                                "resourceGroup": "SaveTheBees"
                            }
                        ]
                    },
                    "routes": [
                        {
                            "name": "SaveTheBeesBlob",
                            "source": "DeviceMessages",
                            "condition": "true",
                            "endpointNames": [
                                "SaveTheBeesBlobStorage"
                            ],
                            "isEnabled": true
                        }
                    ],
                    "fallbackRoute": {
                        "name": "$fallback",
                        "source": "DeviceMessages",
                        "condition": "true",
                        "endpointNames": [
                            "events"
                        ],
                        "isEnabled": true
                    }
                },
                "storageEndpoints": {
                    "$default": {
                        "sasTtlAsIso8601": "PT1H",
                        "connectionString": "",
                        "containerName": ""
                    }
                },
                "messagingEndpoints": {
                    "fileNotifications": {
                        "lockDurationAsIso8601": "PT1M",
                        "ttlAsIso8601": "PT1H",
                        "maxDeliveryCount": 10
                    }
                },
                "enableFileUploadNotifications": false,
                "cloudToDevice": {
                    "maxDeliveryCount": 10,
                    "defaultTtlAsIso8601": "PT1H",
                    "feedback": {
                        "lockDurationAsIso8601": "PT1M",
                        "ttlAsIso8601": "PT1H",
                        "maxDeliveryCount": 10
                    }
                },
                "features": "None"
            },
            "dependsOn": []
        },
        {
            "comments": "Generalized from resource: '/subscriptions/244d5bc6-5416-41d5-bdb2-d0eb0ef3f2a1/resourceGroups/SaveTheBees/providers/Microsoft.Sql/servers/savethebees-server'.",
            "type": "Microsoft.Sql/servers",
            "kind": "v12.0",
            "name": "[parameters('servers_savethebees_server_name')]",
            "apiVersion": "2015-05-01-preview",
            "location": "australiasoutheast",
            "scale": null,
            "properties": {
                "administratorLogin": "beesaveradmin",
                "version": "12.0"
            },
            "dependsOn": []
        },
        {
            "comments": "Generalized from resource: '/subscriptions/244d5bc6-5416-41d5-bdb2-d0eb0ef3f2a1/resourceGroups/SaveTheBees/providers/Microsoft.Storage/storageAccounts/savethebeesstorage'.",
            "type": "Microsoft.Storage/storageAccounts",
            "sku": {
                "name": "Standard_LRS",
                "tier": "Standard"
            },
            "kind": "StorageV2",
            "name": "[parameters('storageAccounts_savethebeesstorage_name')]",
            "apiVersion": "2018-07-01",
            "location": "australiasoutheast",
            "tags": {},
            "scale": null,
            "properties": {
                "networkAcls": {
                    "bypass": "AzureServices",
                    "virtualNetworkRules": [],
                    "ipRules": [],
                    "defaultAction": "Allow"
                },
                "supportsHttpsTrafficOnly": true,
                "encryption": {
                    "services": {
                        "file": {
                            "enabled": true
                        },
                        "blob": {
                            "enabled": true
                        }
                    },
                    "keySource": "Microsoft.Storage"
                },
                "accessTier": "Hot"
            },
            "dependsOn": []
        },
        {
            "comments": "Generalized from resource: '/subscriptions/244d5bc6-5416-41d5-bdb2-d0eb0ef3f2a1/resourceGroups/SaveTheBees/providers/Microsoft.StreamAnalytics/streamingjobs/SaveTheBees-ASA'.",
            "type": "Microsoft.StreamAnalytics/streamingjobs",
            "name": "[parameters('streamingjobs_SaveTheBees_ASA_name')]",
            "apiVersion": "2016-03-01",
            "location": "Australia Southeast",
            "scale": null,
            "properties": {
                "sku": {
                    "name": "Standard"
                },
                "outputStartMode": "JobStartTime",
                "outputStartTime": "2018-10-20T07:32:23.153Z",
                "eventsOutOfOrderPolicy": "Adjust",
                "outputErrorPolicy": "Drop",
                "eventsOutOfOrderMaxDelayInSeconds": 0,
                "eventsLateArrivalMaxDelayInSeconds": 5,
                "dataLocale": "en-US",
                "compatibilityLevel": "1.0"
            },
            "dependsOn": []
        },
        {
            "comments": "Generalized from resource: '/subscriptions/244d5bc6-5416-41d5-bdb2-d0eb0ef3f2a1/resourceGroups/SaveTheBees/providers/Microsoft.Web/serverfarms/asp-iobees'.",
            "type": "Microsoft.Web/serverfarms",
            "sku": {
                "name": "S1",
                "tier": "Standard",
                "size": "S1",
                "family": "S",
                "capacity": 1
            },
            "kind": "app",
            "name": "[parameters('serverfarms_asp_iobees_name')]",
            "apiVersion": "2016-09-01",
            "location": "Australia East",
            "scale": null,
            "properties": {
                "name": "[parameters('serverfarms_asp_iobees_name')]",
                "workerTierName": null,
                "adminSiteName": null,
                "hostingEnvironmentProfile": null,
                "perSiteScaling": false,
                "reserved": false,
                "targetWorkerCount": 0,
                "targetWorkerSizeId": 0
            },
            "dependsOn": []
        },
        {
            "comments": "Generalized from resource: '/subscriptions/244d5bc6-5416-41d5-bdb2-d0eb0ef3f2a1/resourceGroups/SaveTheBees/providers/Microsoft.Web/sites/iobees'.",
            "type": "Microsoft.Web/sites",
            "kind": "functionapp",
            "name": "[parameters('sites_iobees_name')]",
            "apiVersion": "2016-08-01",
            "location": "Australia East",
            "scale": null,
            "properties": {
                "enabled": true,
                "hostNameSslStates": [
                    {
                        "name": "[concat(parameters('sites_iobees_name'),'.azurewebsites.net')]",
                        "sslState": "Disabled",
                        "virtualIP": null,
                        "thumbprint": null,
                        "toUpdate": null,
                        "hostType": "Standard"
                    },
                    {
                        "name": "[concat(parameters('sites_iobees_name'),'.scm.azurewebsites.net')]",
                        "sslState": "Disabled",
                        "virtualIP": null,
                        "thumbprint": null,
                        "toUpdate": null,
                        "hostType": "Repository"
                    }
                ],
                "serverFarmId": "[resourceId('Microsoft.Web/serverfarms', parameters('serverfarms_asp_iobees_name'))]",
                "reserved": false,
                "siteConfig": null,
                "scmSiteAlsoStopped": false,
                "hostingEnvironmentProfile": null,
                "clientAffinityEnabled": false,
                "clientCertEnabled": false,
                "hostNamesDisabled": false,
                "containerSize": 1536,
                "dailyMemoryTimeQuota": 0,
                "cloningInfo": null
            },
            "dependsOn": [
                "[resourceId('Microsoft.Web/serverfarms', parameters('serverfarms_asp_iobees_name'))]"
            ]
        },
        {
            "comments": "Generalized from resource: '/subscriptions/244d5bc6-5416-41d5-bdb2-d0eb0ef3f2a1/resourceGroups/SaveTheBees/providers/Microsoft.Web/sites/SaveTheBeesProxy'.",
            "type": "Microsoft.Web/sites",
            "kind": "app",
            "name": "[parameters('sites_SaveTheBeesProxy_name')]",
            "apiVersion": "2016-08-01",
            "location": "Australia East",
            "scale": null,
            "properties": {
                "enabled": true,
                "hostNameSslStates": [
                    {
                        "name": "[concat(parameters('sites_SaveTheBeesProxy_name'),'savethebeesproxy.azurewebsites.net')]",
                        "sslState": "Disabled",
                        "virtualIP": null,
                        "thumbprint": null,
                        "toUpdate": null,
                        "hostType": "Standard"
                    },
                    {
                        "name": "[concat(parameters('sites_SaveTheBeesProxy_name'),'savethebeesproxy.scm.azurewebsites.net')]",
                        "sslState": "Disabled",
                        "virtualIP": null,
                        "thumbprint": null,
                        "toUpdate": null,
                        "hostType": "Repository"
                    }
                ],
                "serverFarmId": "[resourceId('Microsoft.Web/serverfarms', parameters('serverfarms_asp_iobees_name'))]",
                "reserved": false,
                "siteConfig": null,
                "scmSiteAlsoStopped": false,
                "hostingEnvironmentProfile": null,
                "clientAffinityEnabled": true,
                "clientCertEnabled": false,
                "hostNamesDisabled": false,
                "containerSize": 0,
                "dailyMemoryTimeQuota": 0,
                "cloningInfo": null
            },
            "dependsOn": [
                "[resourceId('Microsoft.Web/serverfarms', parameters('serverfarms_asp_iobees_name'))]"
            ]
        },
        {
            "comments": "Generalized from resource: '/subscriptions/244d5bc6-5416-41d5-bdb2-d0eb0ef3f2a1/resourceGroups/SaveTheBees/providers/Microsoft.Sql/servers/savethebees-server/advisors/CreateIndex'.",
            "type": "Microsoft.Sql/servers/advisors",
            "name": "[concat(parameters('servers_savethebees_server_name'), '/', parameters('advisors_CreateIndex_name'))]",
            "apiVersion": "2014-04-01",
            "scale": null,
            "properties": {
                "autoExecuteValue": "Disabled"
            },
            "dependsOn": [
                "[resourceId('Microsoft.Sql/servers', parameters('servers_savethebees_server_name'))]"
            ]
        },
        {
            "comments": "Generalized from resource: '/subscriptions/244d5bc6-5416-41d5-bdb2-d0eb0ef3f2a1/resourceGroups/SaveTheBees/providers/Microsoft.Sql/servers/savethebees-server/advisors/DropIndex'.",
            "type": "Microsoft.Sql/servers/advisors",
            "name": "[concat(parameters('servers_savethebees_server_name'), '/', parameters('advisors_DropIndex_name'))]",
            "apiVersion": "2014-04-01",
            "scale": null,
            "properties": {
                "autoExecuteValue": "Disabled"
            },
            "dependsOn": [
                "[resourceId('Microsoft.Sql/servers', parameters('servers_savethebees_server_name'))]"
            ]
        },
        {
            "comments": "Generalized from resource: '/subscriptions/244d5bc6-5416-41d5-bdb2-d0eb0ef3f2a1/resourceGroups/SaveTheBees/providers/Microsoft.Sql/servers/savethebees-server/advisors/DbParameterization'.",
            "type": "Microsoft.Sql/servers/advisors",
            "name": "[concat(parameters('servers_savethebees_server_name'), '/', parameters('advisors_DbParameterization_name'))]",
            "apiVersion": "2014-04-01",
            "scale": null,
            "properties": {
                "autoExecuteValue": "Disabled"
            },
            "dependsOn": [
                "[resourceId('Microsoft.Sql/servers', parameters('servers_savethebees_server_name'))]"
            ]
        },
        {
            "comments": "Generalized from resource: '/subscriptions/244d5bc6-5416-41d5-bdb2-d0eb0ef3f2a1/resourceGroups/SaveTheBees/providers/Microsoft.Sql/servers/savethebees-server/advisors/DefragmentIndex'.",
            "type": "Microsoft.Sql/servers/advisors",
            "name": "[concat(parameters('servers_savethebees_server_name'), '/', parameters('advisors_DefragmentIndex_name'))]",
            "apiVersion": "2014-04-01",
            "scale": null,
            "properties": {
                "autoExecuteValue": "Disabled"
            },
            "dependsOn": [
                "[resourceId('Microsoft.Sql/servers', parameters('servers_savethebees_server_name'))]"
            ]
        },
        {
            "comments": "Generalized from resource: '/subscriptions/244d5bc6-5416-41d5-bdb2-d0eb0ef3f2a1/resourceGroups/SaveTheBees/providers/Microsoft.Sql/servers/savethebees-server/advisors/ForceLastGoodPlan'.",
            "type": "Microsoft.Sql/servers/advisors",
            "name": "[concat(parameters('servers_savethebees_server_name'), '/', parameters('advisors_ForceLastGoodPlan_name'))]",
            "apiVersion": "2014-04-01",
            "scale": null,
            "properties": {
                "autoExecuteValue": "Disabled"
            },
            "dependsOn": [
                "[resourceId('Microsoft.Sql/servers', parameters('servers_savethebees_server_name'))]"
            ]
        },
        {
            "comments": "Generalized from resource: '/subscriptions/244d5bc6-5416-41d5-bdb2-d0eb0ef3f2a1/resourceGroups/SaveTheBees/providers/Microsoft.Sql/servers/savethebees-server/auditingPolicies/Default'.",
            "type": "Microsoft.Sql/servers/auditingPolicies",
            "name": "[concat(parameters('servers_savethebees_server_name'), '/', parameters('auditingPolicies_Default_name'))]",
            "apiVersion": "2014-04-01",
            "location": "Australia Southeast",
            "scale": null,
            "properties": {
                "auditingState": "New",
                "eventTypesToAudit": "PlainSQL_Success,PlainSQL_Failure,ParameterizedSQL_Success,ParameterizedSQL_Failure,StoredProcedure_Success,StoredProcedure_Failure,Login_Success,Login_Failure,TransactionManagement_Success,TransactionManagement_Failure",
                "storageAccountName": null,
                "storageAccountKey": null,
                "storageAccountSecondaryKey": null,
                "storageTableEndpoint": null,
                "storageAccountResourceGroupName": null,
                "storageAccountSubscriptionId": null,
                "fullAuditLogsTableName": "SQLDBAuditLogsSavethebeesserver",
                "auditLogsTableName": "Savethebeesserver",
                "retentionDays": "0"
            },
            "dependsOn": [
                "[resourceId('Microsoft.Sql/servers', parameters('servers_savethebees_server_name'))]"
            ]
        },
        {
            "comments": "Generalized from resource: '/subscriptions/244d5bc6-5416-41d5-bdb2-d0eb0ef3f2a1/resourceGroups/SaveTheBees/providers/Microsoft.Sql/servers/savethebees-server/databases/SaveTheBees-AnalysticsData'.",
            "type": "Microsoft.Sql/servers/databases",
            "sku": {
                "name": "S0",
                "tier": "Standard"
            },
            "kind": "v12.0,user",
            "name": "[concat(parameters('servers_savethebees_server_name'), '/', parameters('databases_SaveTheBees_AnalysticsData_name'))]",
            "apiVersion": "2017-03-01-preview",
            "location": "australiasoutheast",
            "scale": null,
            "properties": {
                "collation": "SQL_Latin1_General_CP1_CI_AS",
                "maxSizeBytes": 268435456000,
                "catalogCollation": "SQL_Latin1_General_CP1_CI_AS",
                "zoneRedundant": false
            },
            "dependsOn": [
                "[resourceId('Microsoft.Sql/servers', parameters('servers_savethebees_server_name'))]"
            ]
        },
        {
            "comments": "Generalized from resource: '/subscriptions/244d5bc6-5416-41d5-bdb2-d0eb0ef3f2a1/resourceGroups/SaveTheBees/providers/Microsoft.Sql/servers/savethebees-server/firewallRules/AllowAllWindowsAzureIps'.",
            "type": "Microsoft.Sql/servers/firewallRules",
            "name": "[concat(parameters('servers_savethebees_server_name'), '/', parameters('firewallRules_AllowAllWindowsAzureIps_name'))]",
            "apiVersion": "2015-05-01-preview",
            "scale": null,
            "properties": {
                "startIpAddress": "0.0.0.0",
                "endIpAddress": "0.0.0.0"
            },
            "dependsOn": [
                "[resourceId('Microsoft.Sql/servers', parameters('servers_savethebees_server_name'))]"
            ]
        },
        {
            "comments": "Generalized from resource: '/subscriptions/244d5bc6-5416-41d5-bdb2-d0eb0ef3f2a1/resourceGroups/SaveTheBees/providers/Microsoft.Sql/servers/savethebees-server/firewallRules/Varun'.",
            "type": "Microsoft.Sql/servers/firewallRules",
            "name": "[concat(parameters('servers_savethebees_server_name'), '/', parameters('firewallRules_Varun_name'))]",
            "apiVersion": "2015-05-01-preview",
            "scale": null,
            "properties": {
                "startIpAddress": "114.129.143.100",
                "endIpAddress": "114.129.143.100"
            },
            "dependsOn": [
                "[resourceId('Microsoft.Sql/servers', parameters('servers_savethebees_server_name'))]"
            ]
        },
        {
            "comments": "Generalized from resource: '/subscriptions/244d5bc6-5416-41d5-bdb2-d0eb0ef3f2a1/resourceGroups/SaveTheBees/providers/Microsoft.Sql/servers/savethebees-server/encryptionProtector/current'.",
            "type": "Microsoft.Sql/servers/encryptionProtector",
            "kind": "servicemanaged",
            "name": "[concat(parameters('servers_savethebees_server_name'), '/', parameters('encryptionProtector_current_name'))]",
            "apiVersion": "2015-05-01-preview",
            "scale": null,
            "properties": {
                "serverKeyName": "ServiceManaged",
                "serverKeyType": "ServiceManaged"
            },
            "dependsOn": [
                "[resourceId('Microsoft.Sql/servers', parameters('servers_savethebees_server_name'))]"
            ]
        },
        {
            "comments": "Generalized from resource: '/subscriptions/244d5bc6-5416-41d5-bdb2-d0eb0ef3f2a1/resourceGroups/SaveTheBees/providers/Microsoft.Sql/servers/savethebees-server/keys/ServiceManaged'.",
            "type": "Microsoft.Sql/servers/keys",
            "kind": "servicemanaged",
            "name": "[concat(parameters('servers_savethebees_server_name'), '/', parameters('keys_ServiceManaged_name'))]",
            "apiVersion": "2015-05-01-preview",
            "scale": null,
            "properties": {
                "serverKeyType": "[parameters('keys_ServiceManaged_name')]"
            },
            "dependsOn": [
                "[resourceId('Microsoft.Sql/servers', parameters('servers_savethebees_server_name'))]"
            ]
        },
        {
            "comments": "Generalized from resource: '/subscriptions/244d5bc6-5416-41d5-bdb2-d0eb0ef3f2a1/resourceGroups/SaveTheBees/providers/Microsoft.Sql/servers/savethebees-server/databases/master/auditingPolicies/Default'.",
            "type": "Microsoft.Sql/servers/databases/auditingPolicies",
            "name": "[concat(parameters('servers_savethebees_server_name'), '/', parameters('databases_master_name'), '/', parameters('auditingPolicies_Default_name_1'))]",
            "apiVersion": "2014-04-01",
            "location": "Australia Southeast",
            "scale": null,
            "properties": {
                "auditingState": "New",
                "eventTypesToAudit": "PlainSQL_Success,PlainSQL_Failure,ParameterizedSQL_Success,ParameterizedSQL_Failure,StoredProcedure_Success,StoredProcedure_Failure,Login_Success,Login_Failure,TransactionManagement_Success,TransactionManagement_Failure",
                "storageAccountName": null,
                "storageAccountKey": null,
                "storageAccountSecondaryKey": null,
                "storageTableEndpoint": null,
                "storageAccountResourceGroupName": null,
                "storageAccountSubscriptionId": null,
                "useServerDefault": "Enabled",
                "fullAuditLogsTableName": "SQLDBAuditLogsSavethebeesserverMaster",
                "auditLogsTableName": "SavethebeesserverMaster",
                "retentionDays": "0"
            },
            "dependsOn": [
                "[resourceId('Microsoft.Sql/servers', parameters('servers_savethebees_server_name'))]"
            ]
        },
        {
            "comments": "Generalized from resource: '/subscriptions/244d5bc6-5416-41d5-bdb2-d0eb0ef3f2a1/resourceGroups/SaveTheBees/providers/Microsoft.Sql/servers/savethebees-server/databases/master/geoBackupPolicies/Default'.",
            "type": "Microsoft.Sql/servers/databases/geoBackupPolicies",
            "name": "[concat(parameters('servers_savethebees_server_name'), '/', parameters('databases_master_name'), '/', parameters('geoBackupPolicies_Default_name'))]",
            "apiVersion": "2014-04-01",
            "location": "Australia Southeast",
            "scale": null,
            "properties": {
                "state": "Enabled"
            },
            "dependsOn": [
                "[resourceId('Microsoft.Sql/servers', parameters('servers_savethebees_server_name'))]"
            ]
        },
        {
            "comments": "Generalized from resource: '/subscriptions/244d5bc6-5416-41d5-bdb2-d0eb0ef3f2a1/resourceGroups/SaveTheBees/providers/Microsoft.Sql/servers/savethebees-server/databases/master/transparentDataEncryption/current'.",
            "type": "Microsoft.Sql/servers/databases/transparentDataEncryption",
            "name": "[concat(parameters('servers_savethebees_server_name'), '/', parameters('databases_master_name'), '/', parameters('transparentDataEncryption_current_name'))]",
            "apiVersion": "2014-04-01",
            "location": "Australia Southeast",
            "scale": null,
            "properties": {
                "status": "Disabled"
            },
            "dependsOn": [
                "[resourceId('Microsoft.Sql/servers', parameters('servers_savethebees_server_name'))]"
            ]
        },
        {
            "comments": "Generalized from resource: '/subscriptions/244d5bc6-5416-41d5-bdb2-d0eb0ef3f2a1/resourceGroups/SaveTheBees/providers/Microsoft.Sql/servers/savethebees-server/databases/SaveTheBees-AnalysticsData/advisors/CreateIndex'.",
            "type": "Microsoft.Sql/servers/databases/advisors",
            "name": "[concat(parameters('servers_savethebees_server_name'), '/', parameters('databases_SaveTheBees_AnalysticsData_name'), '/', parameters('advisors_CreateIndex_name_1'))]",
            "apiVersion": "2014-04-01",
            "scale": null,
            "properties": {
                "autoExecuteValue": "Disabled"
            },
            "dependsOn": [
                "[resourceId('Microsoft.Sql/servers', parameters('servers_savethebees_server_name'))]",
                "[resourceId('Microsoft.Sql/servers/databases', parameters('servers_savethebees_server_name'), parameters('databases_SaveTheBees_AnalysticsData_name'))]"
            ]
        },
        {
            "comments": "Generalized from resource: '/subscriptions/244d5bc6-5416-41d5-bdb2-d0eb0ef3f2a1/resourceGroups/SaveTheBees/providers/Microsoft.Sql/servers/savethebees-server/databases/SaveTheBees-AnalysticsData/advisors/DropIndex'.",
            "type": "Microsoft.Sql/servers/databases/advisors",
            "name": "[concat(parameters('servers_savethebees_server_name'), '/', parameters('databases_SaveTheBees_AnalysticsData_name'), '/', parameters('advisors_DropIndex_name_1'))]",
            "apiVersion": "2014-04-01",
            "scale": null,
            "properties": {
                "autoExecuteValue": "Disabled"
            },
            "dependsOn": [
                "[resourceId('Microsoft.Sql/servers', parameters('servers_savethebees_server_name'))]",
                "[resourceId('Microsoft.Sql/servers/databases', parameters('servers_savethebees_server_name'), parameters('databases_SaveTheBees_AnalysticsData_name'))]"
            ]
        },
        {
            "comments": "Generalized from resource: '/subscriptions/244d5bc6-5416-41d5-bdb2-d0eb0ef3f2a1/resourceGroups/SaveTheBees/providers/Microsoft.Sql/servers/savethebees-server/databases/SaveTheBees-AnalysticsData/advisors/DbParameterization'.",
            "type": "Microsoft.Sql/servers/databases/advisors",
            "name": "[concat(parameters('servers_savethebees_server_name'), '/', parameters('databases_SaveTheBees_AnalysticsData_name'), '/', parameters('advisors_DbParameterization_name_1'))]",
            "apiVersion": "2014-04-01",
            "scale": null,
            "properties": {
                "autoExecuteValue": "Disabled"
            },
            "dependsOn": [
                "[resourceId('Microsoft.Sql/servers', parameters('servers_savethebees_server_name'))]",
                "[resourceId('Microsoft.Sql/servers/databases', parameters('servers_savethebees_server_name'), parameters('databases_SaveTheBees_AnalysticsData_name'))]"
            ]
        },
        {
            "comments": "Generalized from resource: '/subscriptions/244d5bc6-5416-41d5-bdb2-d0eb0ef3f2a1/resourceGroups/SaveTheBees/providers/Microsoft.Sql/servers/savethebees-server/databases/SaveTheBees-AnalysticsData/advisors/DefragmentIndex'.",
            "type": "Microsoft.Sql/servers/databases/advisors",
            "name": "[concat(parameters('servers_savethebees_server_name'), '/', parameters('databases_SaveTheBees_AnalysticsData_name'), '/', parameters('advisors_DefragmentIndex_name_1'))]",
            "apiVersion": "2014-04-01",
            "scale": null,
            "properties": {
                "autoExecuteValue": "Disabled"
            },
            "dependsOn": [
                "[resourceId('Microsoft.Sql/servers', parameters('servers_savethebees_server_name'))]",
                "[resourceId('Microsoft.Sql/servers/databases', parameters('servers_savethebees_server_name'), parameters('databases_SaveTheBees_AnalysticsData_name'))]"
            ]
        },
        {
            "comments": "Generalized from resource: '/subscriptions/244d5bc6-5416-41d5-bdb2-d0eb0ef3f2a1/resourceGroups/SaveTheBees/providers/Microsoft.Sql/servers/savethebees-server/databases/SaveTheBees-AnalysticsData/advisors/ForceLastGoodPlan'.",
            "type": "Microsoft.Sql/servers/databases/advisors",
            "name": "[concat(parameters('servers_savethebees_server_name'), '/', parameters('databases_SaveTheBees_AnalysticsData_name'), '/', parameters('advisors_ForceLastGoodPlan_name_1'))]",
            "apiVersion": "2014-04-01",
            "scale": null,
            "properties": {
                "autoExecuteValue": "Disabled"
            },
            "dependsOn": [
                "[resourceId('Microsoft.Sql/servers', parameters('servers_savethebees_server_name'))]",
                "[resourceId('Microsoft.Sql/servers/databases', parameters('servers_savethebees_server_name'), parameters('databases_SaveTheBees_AnalysticsData_name'))]"
            ]
        },
        {
            "comments": "Generalized from resource: '/subscriptions/244d5bc6-5416-41d5-bdb2-d0eb0ef3f2a1/resourceGroups/SaveTheBees/providers/Microsoft.Sql/servers/savethebees-server/databases/SaveTheBees-AnalysticsData/auditingPolicies/Default'.",
            "type": "Microsoft.Sql/servers/databases/auditingPolicies",
            "name": "[concat(parameters('servers_savethebees_server_name'), '/', parameters('databases_SaveTheBees_AnalysticsData_name'), '/', parameters('auditingPolicies_Default_name_2'))]",
            "apiVersion": "2014-04-01",
            "location": "Australia Southeast",
            "scale": null,
            "properties": {
                "auditingState": "New",
                "eventTypesToAudit": "PlainSQL_Success,PlainSQL_Failure,ParameterizedSQL_Success,ParameterizedSQL_Failure,StoredProcedure_Success,StoredProcedure_Failure,Login_Success,Login_Failure,TransactionManagement_Success,TransactionManagement_Failure",
                "storageAccountName": null,
                "storageAccountKey": null,
                "storageAccountSecondaryKey": null,
                "storageTableEndpoint": null,
                "storageAccountResourceGroupName": null,
                "storageAccountSubscriptionId": null,
                "useServerDefault": "Enabled",
                "fullAuditLogsTableName": "SQLDBAuditLogsSavethebeesserverSavethebeesanalystic",
                "auditLogsTableName": "SavethebeesserverSavethebeesanalystic",
                "retentionDays": "0"
            },
            "dependsOn": [
                "[resourceId('Microsoft.Sql/servers', parameters('servers_savethebees_server_name'))]",
                "[resourceId('Microsoft.Sql/servers/databases', parameters('servers_savethebees_server_name'), parameters('databases_SaveTheBees_AnalysticsData_name'))]"
            ]
        },
        {
            "comments": "Generalized from resource: '/subscriptions/244d5bc6-5416-41d5-bdb2-d0eb0ef3f2a1/resourceGroups/SaveTheBees/providers/Microsoft.Sql/servers/savethebees-server/databases/SaveTheBees-AnalysticsData/geoBackupPolicies/Default'.",
            "type": "Microsoft.Sql/servers/databases/geoBackupPolicies",
            "name": "[concat(parameters('servers_savethebees_server_name'), '/', parameters('databases_SaveTheBees_AnalysticsData_name'), '/', parameters('geoBackupPolicies_Default_name_1'))]",
            "apiVersion": "2014-04-01",
            "location": "Australia Southeast",
            "scale": null,
            "properties": {
                "state": "Enabled"
            },
            "dependsOn": [
                "[resourceId('Microsoft.Sql/servers', parameters('servers_savethebees_server_name'))]",
                "[resourceId('Microsoft.Sql/servers/databases', parameters('servers_savethebees_server_name'), parameters('databases_SaveTheBees_AnalysticsData_name'))]"
            ]
        },
        {
            "comments": "Generalized from resource: '/subscriptions/244d5bc6-5416-41d5-bdb2-d0eb0ef3f2a1/resourceGroups/SaveTheBees/providers/Microsoft.Sql/servers/savethebees-server/databases/SaveTheBees-AnalysticsData/transparentDataEncryption/current'.",
            "type": "Microsoft.Sql/servers/databases/transparentDataEncryption",
            "name": "[concat(parameters('servers_savethebees_server_name'), '/', parameters('databases_SaveTheBees_AnalysticsData_name'), '/', parameters('transparentDataEncryption_current_name_1'))]",
            "apiVersion": "2014-04-01",
            "location": "Australia Southeast",
            "scale": null,
            "properties": {
                "status": "Enabled"
            },
            "dependsOn": [
                "[resourceId('Microsoft.Sql/servers', parameters('servers_savethebees_server_name'))]",
                "[resourceId('Microsoft.Sql/servers/databases', parameters('servers_savethebees_server_name'), parameters('databases_SaveTheBees_AnalysticsData_name'))]"
            ]
        },
        {
            "comments": "Generalized from resource: '/subscriptions/244d5bc6-5416-41d5-bdb2-d0eb0ef3f2a1/resourceGroups/SaveTheBees/providers/Microsoft.StreamAnalytics/streamingjobs/SaveTheBees-ASA/inputs/SaveTheBeesSensorInput'.",
            "type": "Microsoft.StreamAnalytics/streamingjobs/inputs",
            "name": "[concat(parameters('streamingjobs_SaveTheBees_ASA_name'), '/', parameters('inputs_SaveTheBeesSensorInput_name'))]",
            "apiVersion": "2016-03-01",
            "scale": null,
            "properties": {
                "type": "Stream",
                "datasource": {
                    "type": "Microsoft.Devices/IotHubs",
                    "properties": {
                        "iotHubNamespace": "SaveTheBees-Iot-Hub",
                        "sharedAccessPolicyName": "iothubowner",
                        "endpoint": "messages/events",
                        "consumerGroupName": "$Default"
                    }
                },
                "compression": {
                    "type": "None"
                },
                "serialization": {
                    "type": "Json",
                    "properties": {
                        "encoding": "UTF8"
                    }
                },
                "etag": "36a57e0a-b759-4beb-b299-2a7cb0eb63b8"
            },
            "dependsOn": [
                "[resourceId('Microsoft.StreamAnalytics/streamingjobs', parameters('streamingjobs_SaveTheBees_ASA_name'))]"
            ]
        },
        {
            "comments": "Generalized from resource: '/subscriptions/244d5bc6-5416-41d5-bdb2-d0eb0ef3f2a1/resourceGroups/SaveTheBees/providers/Microsoft.StreamAnalytics/streamingjobs/SaveTheBees-ASA/outputs/SaveTheBeesBlobOutput'.",
            "type": "Microsoft.StreamAnalytics/streamingjobs/outputs",
            "name": "[concat(parameters('streamingjobs_SaveTheBees_ASA_name'), '/', parameters('outputs_SaveTheBeesBlobOutput_name'))]",
            "apiVersion": "2016-03-01",
            "scale": null,
            "properties": {
                "datasource": {
                    "type": "Microsoft.Storage/Blob",
                    "properties": {
                        "blobPathPrefix": "",
                        "storageAccounts": [
                            {
                                "accountName": "savethebeesstorage"
                            }
                        ],
                        "container": "savethebeesblobstorage",
                        "pathPattern": "",
                        "dateFormat": "yyyy/MM/dd",
                        "timeFormat": "HH"
                    }
                },
                "serialization": {
                    "type": "Csv",
                    "properties": {
                        "fieldDelimiter": ",",
                        "encoding": "UTF8"
                    }
                }
            },
            "dependsOn": [
                "[resourceId('Microsoft.StreamAnalytics/streamingjobs', parameters('streamingjobs_SaveTheBees_ASA_name'))]"
            ]
        },
        {
            "comments": "Generalized from resource: '/subscriptions/244d5bc6-5416-41d5-bdb2-d0eb0ef3f2a1/resourceGroups/SaveTheBees/providers/Microsoft.StreamAnalytics/streamingjobs/SaveTheBees-ASA/outputs/SaveTheBeesSQLOutput'.",
            "type": "Microsoft.StreamAnalytics/streamingjobs/outputs",
            "name": "[concat(parameters('streamingjobs_SaveTheBees_ASA_name'), '/', parameters('outputs_SaveTheBeesSQLOutput_name'))]",
            "apiVersion": "2016-03-01",
            "scale": null,
            "properties": {
                "datasource": {
                    "type": "Microsoft.Sql/Server/Database",
                    "properties": {
                        "server": "savethebees-server.database.windows.net",
                        "database": "SaveTheBees-AnalysticsData",
                        "table": "SensorData",
                        "user": "beesaveradmin",
                        "maxWriterCount": 1,
                        "maxBatchCount": 10000
                    }
                }
            },
            "dependsOn": [
                "[resourceId('Microsoft.StreamAnalytics/streamingjobs', parameters('streamingjobs_SaveTheBees_ASA_name'))]"
            ]
        },
        {
            "comments": "Generalized from resource: '/subscriptions/244d5bc6-5416-41d5-bdb2-d0eb0ef3f2a1/resourceGroups/SaveTheBees/providers/Microsoft.Web/sites/iobees/config/web'.",
            "type": "Microsoft.Web/sites/config",
            "name": "[concat(parameters('sites_iobees_name'), '/', parameters('config_web_name'))]",
            "apiVersion": "2016-08-01",
            "location": "Australia East",
            "scale": null,
            "properties": {
                "numberOfWorkers": 1,
                "defaultDocuments": [
                    "Default.htm",
                    "Default.html",
                    "Default.asp",
                    "index.htm",
                    "index.html",
                    "iisstart.htm",
                    "default.aspx",
                    "index.php"
                ],
                "netFrameworkVersion": "v4.0",
                "phpVersion": "5.6",
                "pythonVersion": "",
                "nodeVersion": "",
                "linuxFxVersion": "",
                "windowsFxVersion": null,
                "requestTracingEnabled": false,
                "remoteDebuggingEnabled": false,
                "remoteDebuggingVersion": null,
                "httpLoggingEnabled": false,
                "logsDirectorySizeLimit": 35,
                "detailedErrorLoggingEnabled": false,
                "publishingUsername": "$iobees",
                "publishingPassword": null,
                "appSettings": null,
                "azureStorageAccounts": {},
                "metadata": null,
                "connectionStrings": null,
                "machineKey": null,
                "handlerMappings": null,
                "documentRoot": null,
                "scmType": "None",
                "use32BitWorkerProcess": true,
                "webSocketsEnabled": false,
                "alwaysOn": true,
                "javaVersion": null,
                "javaContainer": null,
                "javaContainerVersion": null,
                "appCommandLine": "",
                "managedPipelineMode": "Integrated",
                "virtualApplications": [
                    {
                        "virtualPath": "/",
                        "physicalPath": "site\\wwwroot",
                        "preloadEnabled": true,
                        "virtualDirectories": null
                    }
                ],
                "winAuthAdminState": 0,
                "winAuthTenantState": 0,
                "customAppPoolIdentityAdminState": false,
                "customAppPoolIdentityTenantState": false,
                "runtimeADUser": null,
                "runtimeADUserPassword": null,
                "loadBalancing": "LeastRequests",
                "routingRules": [],
                "experiments": {
                    "rampUpRules": []
                },
                "limits": null,
                "autoHealEnabled": false,
                "autoHealRules": null,
                "tracingOptions": null,
                "vnetName": "",
                "siteAuthEnabled": false,
                "siteAuthSettings": {
                    "enabled": null,
                    "unauthenticatedClientAction": null,
                    "tokenStoreEnabled": null,
                    "allowedExternalRedirectUrls": null,
                    "defaultProvider": null,
                    "clientId": null,
                    "clientSecret": null,
                    "issuer": null,
                    "allowedAudiences": null,
                    "additionalLoginParams": null,
                    "isAadAutoProvisioned": false,
                    "googleClientId": null,
                    "googleClientSecret": null,
                    "googleOAuthScopes": null,
                    "facebookAppId": null,
                    "facebookAppSecret": null,
                    "facebookOAuthScopes": null,
                    "twitterConsumerKey": null,
                    "twitterConsumerSecret": null,
                    "microsoftAccountClientId": null,
                    "microsoftAccountClientSecret": null,
                    "microsoftAccountOAuthScopes": null
                },
                "cors": {
                    "allowedOrigins": [
                        "https://functions.azure.com",
                        "https://functions-staging.azure.com",
                        "https://functions-next.azure.com"
                    ]
                },
                "push": null,
                "apiDefinition": null,
                "autoSwapSlotName": null,
                "localMySqlEnabled": false,
                "managedServiceIdentityId": null,
                "xManagedServiceIdentityId": null,
                "ipSecurityRestrictions": null,
                "http20Enabled": false,
                "minTlsVersion": "1.2",
                "ftpsState": "AllAllowed",
                "reservedInstanceCount": 0
            },
            "dependsOn": [
                "[resourceId('Microsoft.Web/sites', parameters('sites_iobees_name'))]"
            ]
        },
        {
            "comments": "Generalized from resource: '/subscriptions/244d5bc6-5416-41d5-bdb2-d0eb0ef3f2a1/resourceGroups/SaveTheBees/providers/Microsoft.Web/sites/iobees/hostNameBindings/iobees.azurewebsites.net'.",
            "type": "Microsoft.Web/sites/hostNameBindings",
            "name": "[concat(parameters('sites_iobees_name'), '/', parameters('hostNameBindings_iobees.azurewebsites.net_name'))]",
            "apiVersion": "2016-08-01",
            "location": "Australia East",
            "scale": null,
            "properties": {
                "siteName": "iobees",
                "domainId": null,
                "hostNameType": "Verified"
            },
            "dependsOn": [
                "[resourceId('Microsoft.Web/sites', parameters('sites_iobees_name'))]"
            ]
        },
        {
            "comments": "Generalized from resource: '/subscriptions/244d5bc6-5416-41d5-bdb2-d0eb0ef3f2a1/resourceGroups/SaveTheBees/providers/Microsoft.Web/sites/SaveTheBeesProxy/config/web'.",
            "type": "Microsoft.Web/sites/config",
            "name": "[concat(parameters('sites_SaveTheBeesProxy_name'), '/', parameters('config_web_name_1'))]",
            "apiVersion": "2016-08-01",
            "location": "Australia East",
            "scale": null,
            "properties": {
                "numberOfWorkers": 1,
                "defaultDocuments": [
                    "Default.htm",
                    "Default.html",
                    "Default.asp",
                    "index.htm",
                    "index.html",
                    "iisstart.htm",
                    "default.aspx",
                    "index.php",
                    "hostingstart.html"
                ],
                "netFrameworkVersion": "v4.0",
                "phpVersion": "5.6",
                "pythonVersion": "",
                "nodeVersion": "",
                "linuxFxVersion": "",
                "windowsFxVersion": null,
                "requestTracingEnabled": false,
                "remoteDebuggingEnabled": false,
                "remoteDebuggingVersion": null,
                "httpLoggingEnabled": false,
                "logsDirectorySizeLimit": 35,
                "detailedErrorLoggingEnabled": false,
                "publishingUsername": "$SaveTheBeesProxy",
                "publishingPassword": null,
                "appSettings": null,
                "azureStorageAccounts": {},
                "metadata": null,
                "connectionStrings": null,
                "machineKey": null,
                "handlerMappings": null,
                "documentRoot": null,
                "scmType": "None",
                "use32BitWorkerProcess": true,
                "webSocketsEnabled": false,
                "alwaysOn": false,
                "javaVersion": null,
                "javaContainer": null,
                "javaContainerVersion": null,
                "appCommandLine": "",
                "managedPipelineMode": "Integrated",
                "virtualApplications": [
                    {
                        "virtualPath": "/",
                        "physicalPath": "site\\wwwroot",
                        "preloadEnabled": false,
                        "virtualDirectories": null
                    }
                ],
                "winAuthAdminState": 0,
                "winAuthTenantState": 0,
                "customAppPoolIdentityAdminState": false,
                "customAppPoolIdentityTenantState": false,
                "runtimeADUser": null,
                "runtimeADUserPassword": null,
                "loadBalancing": "LeastRequests",
                "routingRules": [],
                "experiments": {
                    "rampUpRules": []
                },
                "limits": null,
                "autoHealEnabled": false,
                "autoHealRules": null,
                "tracingOptions": null,
                "vnetName": "",
                "siteAuthEnabled": false,
                "siteAuthSettings": {
                    "enabled": null,
                    "unauthenticatedClientAction": null,
                    "tokenStoreEnabled": null,
                    "allowedExternalRedirectUrls": null,
                    "defaultProvider": null,
                    "clientId": null,
                    "clientSecret": null,
                    "issuer": null,
                    "allowedAudiences": null,
                    "additionalLoginParams": null,
                    "isAadAutoProvisioned": false,
                    "googleClientId": null,
                    "googleClientSecret": null,
                    "googleOAuthScopes": null,
                    "facebookAppId": null,
                    "facebookAppSecret": null,
                    "facebookOAuthScopes": null,
                    "twitterConsumerKey": null,
                    "twitterConsumerSecret": null,
                    "microsoftAccountClientId": null,
                    "microsoftAccountClientSecret": null,
                    "microsoftAccountOAuthScopes": null
                },
                "cors": null,
                "push": null,
                "apiDefinition": null,
                "autoSwapSlotName": null,
                "localMySqlEnabled": false,
                "managedServiceIdentityId": null,
                "xManagedServiceIdentityId": null,
                "ipSecurityRestrictions": null,
                "http20Enabled": false,
                "minTlsVersion": "1.2",
                "ftpsState": "AllAllowed",
                "reservedInstanceCount": 0
            },
            "dependsOn": [
                "[resourceId('Microsoft.Web/sites', parameters('sites_SaveTheBeesProxy_name'))]"
            ]
        },
        {
            "comments": "Generalized from resource: '/subscriptions/244d5bc6-5416-41d5-bdb2-d0eb0ef3f2a1/resourceGroups/SaveTheBees/providers/Microsoft.Web/sites/SaveTheBeesProxy/hostNameBindings/savethebeesproxy.azurewebsites.net'.",
            "type": "Microsoft.Web/sites/hostNameBindings",
            "name": "[concat(parameters('sites_SaveTheBeesProxy_name'), '/', parameters('hostNameBindings_savethebeesproxy.azurewebsites.net_name'))]",
            "apiVersion": "2016-08-01",
            "location": "Australia East",
            "scale": null,
            "properties": {
                "siteName": "SaveTheBeesProxy",
                "domainId": null,
                "hostNameType": "Verified"
            },
            "dependsOn": [
                "[resourceId('Microsoft.Web/sites', parameters('sites_SaveTheBeesProxy_name'))]"
            ]
        }
    ]
}